{"4 6": 0.00011461417331721138, "4 5": 0.00016582207936322602, "4 4": 0.00036015187657206777, "5 6": 0.00019926944324697663, "5 5": 0.00027329953309822015, "2 3": 0.00020040100695873527, "2 2": 0.00011272888562630261, "2 5": 0.000283489286665474, "2 4": 0.0002276751969363446, "2 6": 8.912492638228383e-05, "3 3": 0.0001616088428074338, "3 4": 0.00015878789098665828, "3 5": 0.00014318395205869912, "3 6": 7.423426015495393e-05, "0 3": 0.0005617736855548404, "0 2": 0.0007773835456635335, "0 1": 0.0008646624165498145, "0 0": 0.0002152711840740479, "0 6": 0.0008224038233124698, "0 5": 0.001960966865251377, "0 4": 0.0010757949125932077, "1 2": 0.0004023487814850486, "1 3": 0.0004078324580656267, "1 1": 0.00020844327013854039, "1 6": 0.0002526804550661663, "1 4": 0.0004971173123109573, "1 5": 0.001075025381836206, "6 6": 5.5412465527314774e-05}