{"4 6": [3185321.173589855, 3546444.92170299, 3306278.9402608788, 3076444.7720192326, 3086834.0108561595, 3117224.7071467424, 3165575.777069103], "4 5": [1903937.2056112539, 1856870.0186109375, 1860307.3238416484, 1798139.1642066033, 1817959.3268390452, 1843793.0228753567, 1851015.6262703408], "4 4": [394209.28524489736, 388855.0071979295, 416044.12778255506, 365204.4586326929, 379539.94551456044, 391545.6673043117, 403705.223156431], "5 6": [1271768.6118798582, 1262085.509492188, 1265587.1744284402, 1225430.8023056353, 1225579.9444491854, 1230953.166640136, 1264877.536694086], "5 5": [693851.5015928835, 695202.8229285452, 682186.6551459662, 660845.448395708, 662715.9399883463, 673907.3566533948, 696086.6020962544], "2 3": [1036924.9991622128, 1169433.8933876131, 1020715.778844637, 966964.6082161572, 1198157.4024745305, 1198954.0544844503, 1050042.7673533214], "2 2": [4573639.245518565, 3824336.459097291, 3803945.2610654323, 3711386.149541593, 3815202.187099526, 3879720.149152494, 3969286.7928919084], "2 5": [629380.5753025294, 739027.953339272, 625147.3401413138, 601617.1811640579, 621081.9773549406, 632384.1671323638, 730546.4390434201], "2 4": [808373.474145814, 786698.188754511, 846280.1301516311, 743828.3068892517, 790932.4849994371, 1624068.1546901066, 794402.2694386139], "2 6": [2352707.455712364, 3445209.107508382, 2477023.1453011963, 2151109.333147949, 2231263.4126254707, 2264443.0100300065, 2287638.884105596], "3 3": [1734671.8194268642, 1731854.5153000061, 1726953.6174759127, 1651810.6177011547, 1730077.5149843, 10002046.569931649, 1720595.0229389218], "3 4": [1811499.0288389572, 1816768.6247748435, 1830881.597892819, 1751618.0020997867, 1821958.690399187, 2353557.031345847, 1867664.4809323887], "3 5": [2457367.509113895, 2527150.131771897, 2491206.724662893, 2405688.571199954, 2443147.476645433, 3178453.840609621, 2501189.2337702042], "3 6": [5592044.609357275, 5534765.357661153, 5553844.822104174, 5378232.001458539, 5444067.21673721, 5503497.837039193, 5513515.123680616], "0 3": [178212.0379758559, 177125.74966250913, 174517.62195174114, 161770.9429838735, 399004.404417033, 177301.80602059566, 192221.73284713054], "0 2": [98967.84590025526, 91811.3710657357, 89776.9663105052, 82600.68204695529, 94862.98307908216, 93559.56458564116, 102147.47082401831], "0 1": [99586.26801347813, 94687.90058208472, 91350.03127367681, 90299.53042642487, 100515.24959546239, 99704.98202929618, 100424.02748340495], "0 0": [1861353.601006945, 1862574.2909957746, 1889050.6902121024, 1917609.4529974647, 2131179.505261288, 1898439.59510612, 1931048.483057607], "0 6": [61672.9115359454, 34557.60458139155, 40027.06778799752, 21271.53682407055, 24337.248225553347, 24866.2388292068, 25327.293916378367], "0 5": [13913.814482059941, 13817.142038834105, 14003.348474245613, 13821.50877138257, 14107.892174939612, 16206.45451989176, 26007.66351719172], "0 4": [47111.53721505416, 49276.617477509964, 46788.682950920425, 40166.11118108568, 45079.36252157556, 71077.7633749769, 57173.804999814936], "1 2": [598582.2378644798, 282413.83811891987, 283986.28552244464, 263113.10461283574, 296654.60661882715, 288863.62987742847, 284330.4701147506], "1 3": [234158.86379825522, 250980.21011547107, 249990.27547658194, 212243.83275105574, 240301.67201654223, 241220.35317726873, 248106.9542773746], "1 1": [1492286.956829323, 1499205.1265204141, 1452394.7870696958, 1460778.10906882, 1505703.597718872, 1743156.1917653165, 1501603.2527473397], "1 6": [382706.18567070225, 375656.03001496795, 291728.9264905216, 243575.2127969501, 279514.7650943448, 279485.839214861, 272742.37114411936], "1 4": [194515.72699509765, 170289.4122850588, 160487.71437882903, 142280.00680509955, 162793.6519571032, 199505.55394632058, 174246.04091875697], "1 5": [48169.2972469121, 47837.496636673546, 45749.79055084595, 42290.75982099492, 44282.1794817365, 47992.47559868347, 52485.439931922774], "6 6": [1877936.4834121577, 2564213.355276864, 1650151.7765499766, 1330371.020993161, 1331155.2437696373, 1332238.0408000373, 1337592.4057622661]}