{"4 6": 0.00010195003240443398, "4 5": 0.00015714054305061885, "4 4": 0.0004215605707682913, "5 6": 0.00016309507420378668, "5 5": 0.00024807862458383993, "2 3": 0.0002844161961932478, "2 2": 0.00034142012870694397, "2 5": 0.00022695406880130157, "2 4": 0.0002234062003672475, "2 6": 8.113809974604158e-05, "3 3": 0.00026800993001641017, "3 4": 0.0002076448071140135, "3 5": 0.00012874972391248158, "3 6": 6.730378304582709e-05, "0 3": 0.000417364122034395, "0 2": 0.0007015603362263824, "0 1": 0.0008768485437903117, "0 0": 0.00026572777116952776, "0 6": 0.0007096747532199247, "0 5": 0.0010382135687375764, "0 4": 0.0006795696361044688, "1 2": 0.00046283556695848215, "1 3": 0.00039702951440313594, "1 1": 0.000526428496626582, "1 6": 0.00022034515231224516, "1 4": 0.0004256289790814945, "1 5": 0.000758180861870222, "6 6": 5.619913849386605e-05}