{"4 6": [834389.9365473436, 745339.3963268932, 713732.9246724977, 596227.6033369194, 608387.0042467469, 657688.9664379059, 923360.2836707833], "4 5": [409787.6256487673, 416615.8108254714, 435219.57143248216, 338991.2832954707, 359355.3098570867, 402434.2760440966, 671978.4248969876], "4 4": [62361.67527027966, 60423.25215813543, 67924.06840909069, 39766.42560561631, 54768.36619238468, 63837.866019976784, 152465.55288124937], "5 6": [325975.5570983873, 359004.91605366877, 342648.9706853818, 265398.0179020901, 266802.3981385364, 271926.1846776257, 392502.9683223741], "5 5": [172416.90686903708, 158760.03770553492, 170128.34879420724, 119343.50063457373, 122673.98719223487, 138749.77055040302, 1864702.3377197518], "2 3": [142046.59956878057, 137633.09607573308, 112508.73481194304, 115043.31766389958, 145831.26103864884, 158413.82826014564, 179435.74289151753], "2 2": [123164.49693306291, 102888.0651134618, 99468.34469923744, 125338.44640716299, 218247.97952245796, 206338.5622207686, 384230.7277436219], "2 5": [226620.2247749148, 212553.49955767905, 198784.02008332065, 156971.27037660484, 204249.27179615977, 271691.1839029184, 224377.4944462555], "2 4": [945359.347853139, 203588.11257763542, 207963.53138534562, 161897.62626936386, 209877.7227793116, 853927.0685382716, 708846.9457486902], "2 6": [880875.958218299, 964120.1482799411, 811909.6425499959, 652530.8311648091, 753178.6696121717, 835994.9554673671, 774487.7134424329], "3 3": [185531.5849897851, 187861.79723317453, 179538.75325662975, 160537.0885165935, 202114.63996709915, 637279.198521379, 441239.616247292], "3 4": [245786.31008691475, 263222.687340544, 236820.51000451393, 190229.44061029085, 244206.6322473083, 249498.08811618766, 418107.8229964444], "3 5": [648040.3997139852, 637243.7479680966, 666279.2649246916, 552602.1396698183, 619615.7886234258, 2464859.3300587493, 691832.2321548512], "3 6": [1318088.8736944494, 1295485.2959184642, 1297786.4231484742, 1056198.9958281647, 1120648.3707960353, 1195822.6783240687, 1261495.9212532814], "0 3": [102739.44790754806, 96184.06383688617, 96149.19549165595, 104829.78129645454, 130189.25205488973, 122670.59037184545, 254146.2955043908], "0 2": [37849.24676021749, 31132.170625150156, 37056.46747163611, 50445.8475322298, 102318.44709807335, 45690.67164571754, 61809.75985389604], "0 1": [23220.113224224802, 22976.993246323418, 32696.651178773987, 37291.139345938536, 34577.24804686505, 37030.65836202956, 37061.63992110523], "0 0": [692535.7275865047, 734112.5780546842, 727727.072504804, 725496.6482255909, 770887.246097519, 735961.5212093963, 738811.8805466819], "0 6": [27457.612798714734, 17905.851635829993, 15161.876202489459, 17530.30359473716, 22180.400957129663, 22042.70078919374, 29341.207189223765], "0 5": [12343.651173023607, 12275.094144331984, 12367.090829289691, 11904.187866656097, 13398.992520945132, 17716.679648849175, 20908.58495111176], "0 4": [31724.818175179593, 29081.83070060577, 27851.98727525633, 27668.085477105345, 37635.00761016376, 43437.21609872914, 46967.608979150835], "1 2": [72706.58684586771, 55874.44921210616, 61166.254014070095, 97756.85485310004, 112532.26725888878, 78310.8306156208, 81502.49658449841], "1 3": [102638.75010459957, 83230.25687289682, 68764.58037974505, 92795.86290944608, 100164.50190767647, 191167.56377915177, 101430.05385465935], "1 1": [59933.981250656536, 50404.20255990089, 77491.44923960562, 65882.68183493744, 259384.8067744194, 176265.17964514912, 472645.35962260194], "1 6": [1457960.355302262, 196609.15244908366, 161618.69974102394, 129674.15928690994, 186595.86601622202, 171602.76322800675, 180146.0492736877], "1 4": [84561.09790616311, 80182.37374742393, 56041.184807051824, 53948.57405536217, 97918.70363233802, 91617.16953674334, 90598.51951677792], "1 5": [26955.93109158229, 32470.462909783088, 19422.943900181763, 15049.119020097762, 20999.562346662125, 27977.14667867296, 53159.01192627869], "6 6": [895256.7620423895, 689143.1778660067, 764092.381835337, 414199.94435365446, 415794.7687910947, 417108.35609686736, 421212.52389463625]}