{"4 6": [1405609.4596623695, 1340928.7632179142, 1336089.0467770596, 1223518.7836897783, 1235136.8903832142, 1280119.6287285464, 1320155.6562764342], "4 5": [659716.7734297515, 655071.3305735999, 654197.7373020012, 604804.4429265889, 627930.6913035795, 686969.455364009, 1915528.8552791036], "4 4": [101642.79172062544, 96394.00314017902, 95345.61290850151, 78906.1501089174, 92630.10030076161, 144141.00621639052, 110752.81063119971], "5 6": [593646.3258399024, 608779.2882075305, 586756.4878340358, 533764.7753461946, 534923.6980118086, 540220.6836140058, 687720.4759993523], "5 5": [267960.3090684308, 267877.37476413697, 266209.4526013983, 234937.9572239654, 238984.26353272528, 252313.21740717618, 291956.5497607913], "2 3": [245634.11803665452, 234837.56989137395, 209598.45674040183, 207479.41905692976, 270976.15729145013, 425369.66643798375, 285579.1468450929], "2 2": [181822.13630681607, 170218.49548122907, 160748.3563235213, 188250.51126643803, 232919.055133808, 219626.9624818472, 264816.3703146954], "2 5": [354280.0601352517, 326648.341197954, 319688.66328172165, 284139.3022736231, 328131.0265118199, 334377.40862371516, 432471.38041259063], "2 4": [335163.74447083886, 341821.8829490092, 330079.8399414091, 291019.02931190835, 334892.05774396495, 491897.95850826113, 357827.8680872758], "2 6": [1890043.3440683447, 1441877.9759016237, 1475010.7392922149, 1251851.0030613632, 1358392.950771159, 1402307.0883798958, 2691794.8803779124], "3 3": [271863.2879524965, 263447.16785838275, 256319.58641925943, 251019.0996730458, 401764.91371439514, 334446.35545777396, 308822.7555110805], "3 4": [427175.3840202526, 391063.7863469723, 379829.12429210864, 338234.0895763677, 422235.46779297665, 392893.9471142538, 841917.3789706855], "3 5": [986788.5618293153, 987189.3506729794, 997597.098024543, 907401.2941784121, 969515.5134142033, 1016079.4267842411, 1029160.787687615], "3 6": [2694339.49317225, 2590278.234600668, 2586692.766711628, 2397941.5457138107, 2469303.3384050415, 2529436.7562109563, 2598450.779206627], "0 3": [133186.64657901105, 129168.31660392566, 128091.63081878154, 134810.03658024245, 162631.11236429925, 163167.0085991438, 175263.44301907584], "0 2": [54869.966304707545, 49656.390747956255, 55296.922432393876, 64465.60166585714, 82925.74322899037, 302449.69213666103, 136155.27274898867], "0 1": [35717.300718402046, 38224.102013536954, 48443.551969574124, 48787.57232651478, 213149.95300233678, 54172.59132924566, 86581.51101740004], "0 0": [797066.8692914187, 821501.763143109, 831861.6070920143, 882958.105935082, 896514.3107722646, 841006.6549065587, 925484.6713396407], "0 6": [41381.61388209234, 37618.623351490096, 34401.45587712411, 25193.63685279169, 31418.00841182809, 33301.06284852896, 32886.85806401331], "0 5": [16925.136759078076, 16787.65738096328, 16976.411800100068, 16711.611618701256, 18099.67375383726, 23612.54890991183, 146591.24596316577], "0 4": [41420.83358598342, 40704.516686223586, 39747.25949535374, 38850.13481522441, 51576.12579814124, 59300.19022105358, 204420.66532996207], "1 2": [116296.58965840841, 98348.19838110825, 102692.39070981032, 118001.4402140829, 132409.49615140105, 174883.26518326826, 189860.19974209456], "1 3": [137976.9126094406, 128454.5549779894, 118639.205013752, 131633.061564629, 146181.54832037006, 156688.65850106347, 149566.59446541735], "1 1": [93161.98565362215, 86667.01985025166, 111549.56009165569, 105198.18357349993, 108388.43052109025, 113196.14372012496, 200931.9191617145], "1 6": [259707.8458166737, 538886.8334945162, 277601.7615556711, 201748.74901137754, 248650.55452472548, 251792.2644206825, 267300.3634633971], "1 4": [110077.74977706955, 108479.33866537832, 97316.76648629433, 90422.88582169972, 108711.4981374103, 116747.1071357993, 144650.86421220237], "1 5": [35781.13449936818, 35979.15494930186, 30804.900001882816, 26704.23069738184, 32454.96453674825, 94952.00892572686, 57700.23868091279], "6 6": [1637618.8604228047, 1013676.2639744803, 852423.8713131789, 612163.9059248327, 612822.1298182801, 613845.5832766503, 618635.6344094323]}