{"4 6": 0.00010318683032517324, "4 5": 0.00016486579361358225, "4 4": 0.00043362986504315326, "5 6": 0.00017322376467019751, "5 5": 0.00026492670589478524, "2 3": 0.0003132991041150604, "2 2": 0.00038028721897534023, "2 5": 0.00022522959739834967, "2 4": 0.0002242980405222268, "2 6": 8.294768188851342e-05, "3 3": 0.00028393103999425917, "3 4": 0.00021594422347822933, "3 5": 0.0001276941769683074, "3 6": 6.923718833951117e-05, "0 3": 0.00042595207353478894, "0 2": 0.0007559588889879527, "0 1": 0.0009709834006251085, "0 0": 0.00027981763052013694, "0 6": 0.0008119852953099773, "0 5": 0.001054154593382936, "0 4": 0.0006872634885227723, "1 2": 0.0004957080519075546, "1 3": 0.00040908082469833423, "1 1": 0.0005955478597312986, "1 6": 0.00022800152220973758, "1 4": 0.00043678048049045765, "1 5": 0.0007617284783341755, "6 6": 5.777972414596754e-05}